<?xml version="1.0" encoding="UTF-8"?>
<metadata modelVersion="1.1.0">
  <groupId>commons-cli</groupId>
  <artifactId>commons-cli</artifactId>
  <versioning>
    <latest>1.9.0</latest>
    <release>1.9.0</release>
    <versions>
      <version>1.0-beta-1</version>
      <version>1.0-beta-2</version>
      <version>1.0</version>
      <version>1.1</version>
      <version>1.2</version>
      <version>1.3</version>
      <version>1.3.1</version>
      <version>1.4</version>
      <version>1.5.0</version>
      <version>1.6.0</version>
      <version>1.7.0</version>
      <version>1.8.0</version>
      <version>1.9.0</version>
    </versions>
    <lastUpdated>20240814231054</lastUpdated>
  </versioning>
</metadata>
