<?xml version="1.0" encoding="UTF-8"?>
<metadata>
  <groupId>de.dlr-se.emir.runtime</groupId>
  <artifactId>PluginManagerPlugin</artifactId>
  <versioning>
    <release>4.2.0</release>
    <versions>
      <version>4.0.0-SNAPSHOT</version>
      <version>4.0.0</version>
      <version>4.1.0-SNAPSHOT</version>
      <version>4.1.0</version>
      <version>4.2.0-SNAPSHOT</version>
      <version>4.2.0</version>
    </versions>
    <lastUpdated>20250520141001</lastUpdated>
  </versioning>
</metadata>
