<?xml version="1.0" encoding="UTF-8"?>
<metadata>
  <groupId>org.apache.logging.log4j</groupId>
  <artifactId>log4j-core</artifactId>
  <versioning>
    <latest>3.0.0-beta3</latest>
    <release>3.0.0-beta3</release>
    <versions>
      <version>2.0-alpha1</version>
      <version>2.0-alpha2</version>
      <version>2.0-beta1</version>
      <version>2.0-beta2</version>
      <version>2.0-beta3</version>
      <version>2.0-beta4</version>
      <version>2.0-beta5</version>
      <version>2.0-beta6</version>
      <version>2.0-beta7</version>
      <version>2.0-beta8</version>
      <version>2.0-beta9</version>
      <version>2.0-rc1</version>
      <version>2.0-rc2</version>
      <version>2.0</version>
      <version>2.0.1</version>
      <version>2.0.2</version>
      <version>2.1</version>
      <version>2.2</version>
      <version>2.3</version>
      <version>2.3.1</version>
      <version>2.3.2</version>
      <version>2.4</version>
      <version>2.4.1</version>
      <version>2.5</version>
      <version>2.6</version>
      <version>2.6.1</version>
      <version>2.6.2</version>
      <version>2.7</version>
      <version>2.8</version>
      <version>2.8.1</version>
      <version>2.8.2</version>
      <version>2.9.0</version>
      <version>2.9.1</version>
      <version>2.10.0</version>
      <version>2.11.0</version>
      <version>2.11.1</version>
      <version>2.11.2</version>
      <version>2.12.0</version>
      <version>2.12.1</version>
      <version>2.12.2</version>
      <version>2.12.3</version>
      <version>2.12.4</version>
      <version>2.13.0</version>
      <version>2.13.1</version>
      <version>2.13.2</version>
      <version>2.13.3</version>
      <version>2.14.0</version>
      <version>2.14.1</version>
      <version>2.15.0</version>
      <version>2.16.0</version>
      <version>2.17.0</version>
      <version>2.17.1</version>
      <version>2.17.2</version>
      <version>2.18.0</version>
      <version>2.19.0</version>
      <version>2.20.0</version>
      <version>2.21.0</version>
      <version>2.21.1</version>
      <version>2.22.0</version>
      <version>2.22.1</version>
      <version>2.23.0</version>
      <version>2.23.1</version>
      <version>2.24.0</version>
      <version>2.24.1</version>
      <version>2.24.2</version>
      <version>2.24.3</version>
      <version>3.0.0-alpha1</version>
      <version>3.0.0-beta1</version>
      <version>3.0.0-beta2</version>
      <version>3.0.0-beta3</version>
    </versions>
    <lastUpdated>20241213122704</lastUpdated>
  </versioning>
</metadata>
