<?xml version="1.0" encoding="UTF-8"?>
<metadata>
  <groupId>io.reactivex.rxjava3</groupId>
  <artifactId>rxjava</artifactId>
  <versioning>
    <latest>3.1.9</latest>
    <release>3.1.9</release>
    <versions>
      <version>3.0.0-RC0</version>
      <version>3.0.0-RC1</version>
      <version>3.0.0-RC2</version>
      <version>3.0.0-RC3</version>
      <version>3.0.0-RC4</version>
      <version>3.0.0-RC5</version>
      <version>3.0.0-RC6</version>
      <version>3.0.0-RC7</version>
      <version>3.0.0-RC8</version>
      <version>3.0.0-RC9</version>
      <version>3.0.0</version>
      <version>3.0.1</version>
      <version>3.0.2</version>
      <version>3.0.3</version>
      <version>3.0.4</version>
      <version>3.0.5</version>
      <version>3.0.6</version>
      <version>3.0.7</version>
      <version>3.0.8-RC3</version>
      <version>3.0.8</version>
      <version>3.0.9</version>
      <version>3.0.10</version>
      <version>3.0.11-RC3</version>
      <version>3.0.11-RC5</version>
      <version>3.0.11</version>
      <version>3.0.12-RC1</version>
      <version>3.0.12</version>
      <version>3.0.13-RC2</version>
      <version>3.0.13-RC4</version>
      <version>3.0.13-RC5</version>
      <version>3.0.13</version>
      <version>3.1.0</version>
      <version>3.1.1</version>
      <version>3.1.2</version>
      <version>3.1.3</version>
      <version>3.1.4</version>
      <version>3.1.5</version>
      <version>3.1.6-RC0</version>
      <version>3.1.6</version>
      <version>3.1.7</version>
      <version>3.1.8</version>
      <version>3.1.9</version>
    </versions>
    <lastUpdated>20240813080108</lastUpdated>
  </versioning>
</metadata>
