<project>

	<!-- This is NOT a MAVEN file it just uses a similar syntax -->

	<name>PluginManagerProduct</name>
	<description>The one that knows all others</description>
	<version>4.3.0-SNAPSHOT</version>
	<localRepos>repository</localRepos>

	<workspaces>
	</workspaces>

	<dependencies>
		<dependency>
			<groupId>de.dlr-se.emir.runtime</groupId>
			<artifactId>PluginManagerPlugin</artifactId>
			<version>4.3.0-SNAPSHOT</version>
		</dependency>
	</dependencies>

	<repositories>
	</repositories>

</project>