<project>

	<!-- This is NOT a MAVEN file it just uses a similar syntax -->

	<name>PluginManagerProduct</name>
	<description>This is the PluginManager. Use it to modify an existing product configuration or create a new product from scratch.</description>
	<version>4.2.0</version>
	<localRepos>repository</localRepos>

	<workspaces>
	</workspaces>

	<dependencies>
		<dependency>
			<groupId>de.dlr-se.emir.runtime</groupId>
			<artifactId>PluginManagerPlugin</artifactId>
			<version>4.2.0</version>
		</dependency>
	</dependencies>

	<repositories>
	</repositories>

</project>