<map>
    <entry>
    <string>properties.ConsoleView</string>
    <de.emir.rcp.mgr.SettingsManager>
      <mValues>
        <entry>
          <string>tailing</string>
          <boolean>false</boolean>
        </entry>
        <entry>
          <string>Level</string>
          <string>INFO</string>
        </entry>
      </mValues>
    </de.emir.rcp.mgr.SettingsManager>
  </entry>
  <entry>
    <string>MainFrame.bounds</string>
    <de.emir.rcp.types.Rectangle>
      <x>10</x>
      <y>10</y>
      <width>1024</width>
      <height>768</height>
    </de.emir.rcp.types.Rectangle>
  </entry>
  <entry>
    <string>MainFrame.Maximized</string>
    <int>0</int>
  </entry>
  <entry>
    <string>properties.MapView</string>
    <de.emir.rcp.mgr.SettingsManager>
      <mValues>
        <entry>
          <string>CenterLon</string>
          <double>0.0</double>
        </entry>
        <entry>
          <string>CenterLat</string>
          <double>0.0</double>
        </entry>
        <entry>
          <string>Scale</string>
          <double>6.8437088E7</double>
        </entry>
      </mValues>
    </de.emir.rcp.mgr.SettingsManager>
  </entry>
  <entry>
    <string>WindowManager</string>
    <de.emir.rcp.mgr.SettingsManager>
      <mValues>
        <entry>
          <string>DefaultEditorAssociations</string>
          <map>
            <entry>
              <string>.app</string>
              <string>Model Editor</string>
            </entry>
            <entry>
              <string>.mvlayout</string>
              <string>Map View Layout Editor</string>
            </entry>
          </map>
        </entry>
      </mValues>
    </de.emir.rcp.mgr.SettingsManager>
  </entry>
  <entry>
    <string>properties.WorkspaceView</string>
    <de.emir.rcp.mgr.SettingsManager>
      <mValues>
        <entry>
          <string>Workspace.Location</string>
          <file>.\workspace</file>
        </entry>
      </mValues>
    </de.emir.rcp.mgr.SettingsManager>
  </entry>
</map>