<?xml version="1.0" encoding="UTF-8"?>
<metadata>
  <groupId>com.github.zafarkhaja</groupId>
  <artifactId>java-semver</artifactId>
  <versioning>
    <latest>0.10.2</latest>
    <release>0.10.2</release>
    <versions>
      <version>0.7.0</version>
      <version>0.7.1</version>
      <version>0.7.2</version>
      <version>0.8.0</version>
      <version>0.9.0</version>
      <version>0.10.0</version>
      <version>0.10.1</version>
      <version>0.10.2</version>
    </versions>
    <lastUpdated>20240114103015</lastUpdated>
  </versioning>
</metadata>
