<?xml version="1.0" encoding="UTF-8"?>
<metadata modelVersion="1.1.0">
  <groupId>commons-io</groupId>
  <artifactId>commons-io</artifactId>
  <versioning>
    <latest>2.16.1</latest>
    <release>2.16.1</release>
    <versions>
      <version>0.1</version>
      <version>1.0</version>
      <version>1.1</version>
      <version>1.2</version>
      <version>1.3</version>
      <version>1.3.1</version>
      <version>1.3.2</version>
      <version>1.4</version>
      <version>2.0</version>
      <version>2.0.1</version>
      <version>2.1</version>
      <version>2.2</version>
      <version>2.3</version>
      <version>2.4</version>
      <version>2.5</version>
      <version>2.6</version>
      <version>2.7</version>
      <version>2.8.0</version>
      <version>2.9.0</version>
      <version>2.10.0</version>
      <version>2.11.0</version>
      <version>2.12.0</version>
      <version>2.13.0</version>
      <version>2.14.0</version>
      <version>2.15.0</version>
      <version>2.15.1</version>
      <version>2.16.0</version>
      <version>2.16.1</version>
    </versions>
    <lastUpdated>20240408165445</lastUpdated>
  </versioning>
</metadata>
