<?xml version="1.0" encoding="UTF-8"?>
<metadata modelVersion="1.1.0">
  <groupId>org.slf4j</groupId>
  <artifactId>slf4j-api</artifactId>
  <versioning>
    <latest>2.0.0-alpha6</latest>
    <release>2.0.0-alpha6</release>
    <versions>
      <version>1.1.0-beta0</version>
      <version>1.1.0-RC0</version>
      <version>1.1.0-RC1</version>
      <version>1.1.0</version>
      <version>1.2</version>
      <version>1.3.0</version>
      <version>1.3.1</version>
      <version>1.4.0</version>
      <version>1.4.1</version>
      <version>1.4.2</version>
      <version>1.4.3</version>
      <version>1.5.0-M0</version>
      <version>1.5.0</version>
      <version>1.5.2</version>
      <version>1.5.3</version>
      <version>1.5.4</version>
      <version>1.5.5</version>
      <version>1.5.6</version>
      <version>1.5.7</version>
      <version>1.5.8</version>
      <version>1.5.9-RC0</version>
      <version>1.5.9.RC1</version>
      <version>1.5.10</version>
      <version>1.5.11</version>
      <version>1.6.0-alpha2</version>
      <version>1.6.0-RC0</version>
      <version>1.6.0</version>
      <version>1.6.1</version>
      <version>1.6.2</version>
      <version>1.6.3</version>
      <version>1.6.4</version>
      <version>1.6.5</version>
      <version>1.6.6</version>
      <version>1.7.0</version>
      <version>1.7.1</version>
      <version>1.7.2</version>
      <version>1.7.3</version>
      <version>1.7.4</version>
      <version>1.7.5</version>
      <version>1.7.6</version>
      <version>1.7.7</version>
      <version>1.7.8</version>
      <version>1.7.9</version>
      <version>1.7.10</version>
      <version>1.7.11</version>
      <version>1.7.12</version>
      <version>1.7.13</version>
      <version>1.7.14</version>
      <version>1.7.15</version>
      <version>1.7.16</version>
      <version>1.7.18</version>
      <version>1.7.19</version>
      <version>1.7.20</version>
      <version>1.7.21</version>
      <version>1.7.22</version>
      <version>1.7.23</version>
      <version>1.7.24</version>
      <version>1.7.25</version>
      <version>1.7.26</version>
      <version>1.7.27</version>
      <version>1.7.28</version>
      <version>1.7.29</version>
      <version>1.7.30</version>
      <version>1.7.31</version>
      <version>1.7.32</version>
      <version>1.7.33</version>
      <version>1.7.34</version>
      <version>1.7.35</version>
      <version>1.7.36</version>
      <version>1.8.0-alpha0</version>
      <version>1.8.0-alpha1</version>
      <version>1.8.0-alpha2</version>
      <version>1.8.0-beta0</version>
      <version>1.8.0-beta1</version>
      <version>1.8.0-beta2</version>
      <version>1.8.0-beta4</version>
      <version>2.0.0-alpha0</version>
      <version>2.0.0-alpha1</version>
      <version>2.0.0-alpha2</version>
      <version>2.0.0-alpha3</version>
      <version>2.0.0-alpha4</version>
      <version>2.0.0-alpha5</version>
      <version>2.0.0-alpha6</version>
    </versions>
    <lastUpdated>20220208134241</lastUpdated>
  </versioning>
</metadata>
