<?xml version="1.0" encoding="UTF-8"?>
<!DOCTYPE log4j:configuration SYSTEM "log4j.dtd">

<log4j:configuration xmlns:log4j="http://jakarta.apache.org/log4j/" debug="false">

	<appender name="CONSOLE" class="org.apache.log4j.ConsoleAppender">
		<param name="Target" value="System.out" />
		<param name="Threshold" value="INFO" />
		<layout class="org.apache.log4j.PatternLayout">
<!-- 			<param name="ConversionPattern" value="%d{ISO8601} %-5p [%t] %-5p [%c] %m%n" /> -->
				<param name="ConversionPattern" value="%d{yyyy-MM-dd HH:mm:ss} %c.%M(%F:%L) %-5p - %m%n"/>
		</layout>
	</appender>

	<appender name="LOGFILE" class="org.apache.log4j.RollingFileAppender">
		<param name="File" value="${RCPProductWithUI.home}/log/log.log" />
		<param name="Append" value="true" />
		<param name="MaxFileSize" value="10240KB" />
		<param name="MaxBackupIndex" value="3" />
		<param name="Threshold" value="INFO" />
		<layout class="org.apache.log4j.PatternLayout">
<!-- 			<param name="ConversionPattern" value="%d{ISO8601} %-5p [%t] %-5p [%c] %m%n" /> -->
				<param name="ConversionPattern" value="%d{yyyy-MM-dd HH:mm:ss} %c.%M(%F:%L) %-5p - %m%n"/>
		</layout>
	</appender>

	<root>
		<appender-ref ref="CONSOLE" />
		<appender-ref ref="LOGFILE" />
	</root>

</log4j:configuration>
  